adv_img_0.png,53
adv_img_1.png,12
adv_img_2.png,12
adv_img_3.png,62
adv_img_4.png,44
adv_img_5.png,20
adv_img_6.png,4
adv_img_7.png,9
adv_img_8.png,30
adv_img_9.png,23
adv_img_10.png,15
adv_img_11.png,10
adv_img_12.png,40
adv_img_13.png,29
adv_img_14.png,16
adv_img_15.png,53
adv_img_16.png,55
adv_img_17.png,15
adv_img_18.png,42
adv_img_19.png,60
adv_img_20.png,56
adv_img_21.png,62
adv_img_22.png,21
adv_img_23.png,37
adv_img_24.png,5
adv_img_25.png,23
adv_img_26.png,10
adv_img_27.png,53
adv_img_28.png,29
adv_img_29.png,42
adv_img_30.png,4
adv_img_31.png,54
adv_img_32.png,36
adv_img_33.png,42
adv_img_34.png,50
adv_img_35.png,11
adv_img_36.png,23
adv_img_37.png,41
adv_img_38.png,34
adv_img_39.png,12
adv_img_40.png,58
adv_img_41.png,55
adv_img_42.png,29
adv_img_43.png,36
adv_img_44.png,42
adv_img_45.png,15
adv_img_46.png,4
adv_img_47.png,21
adv_img_48.png,42
adv_img_49.png,42
adv_img_50.png,25
adv_img_51.png,21
adv_img_52.png,13
adv_img_53.png,57
adv_img_54.png,24
adv_img_55.png,48
adv_img_56.png,18
adv_img_57.png,42
adv_img_58.png,53
adv_img_59.png,36
adv_img_60.png,1
adv_img_61.png,55
adv_img_62.png,37
adv_img_63.png,49
adv_img_64.png,55
adv_img_65.png,30
adv_img_66.png,23
adv_img_67.png,25
adv_img_68.png,37
adv_img_69.png,8
adv_img_70.png,10
adv_img_71.png,35
adv_img_72.png,53
adv_img_73.png,61
adv_img_74.png,13
adv_img_75.png,33
adv_img_76.png,35
adv_img_77.png,50
adv_img_78.png,28
adv_img_79.png,20
adv_img_80.png,29
adv_img_81.png,57
adv_img_82.png,42
adv_img_83.png,29
adv_img_84.png,42
adv_img_85.png,35
adv_img_86.png,45
adv_img_87.png,37
adv_img_88.png,10
adv_img_89.png,49
adv_img_90.png,52
adv_img_91.png,57
adv_img_92.png,21
adv_img_93.png,4
adv_img_94.png,39
adv_img_95.png,15
adv_img_96.png,12
adv_img_97.png,47
adv_img_98.png,21
adv_img_99.png,16
adv_img_100.png,29
adv_img_101.png,12
adv_img_102.png,42
adv_img_103.png,42
adv_img_104.png,36
adv_img_105.png,21
adv_img_106.png,41
adv_img_107.png,22
adv_img_108.png,1
adv_img_109.png,26
adv_img_110.png,62
adv_img_111.png,42
adv_img_112.png,12
adv_img_113.png,6
adv_img_114.png,56
adv_img_115.png,42
adv_img_116.png,23
adv_img_117.png,40
adv_img_118.png,42
adv_img_119.png,24
adv_img_120.png,57
adv_img_121.png,59
adv_img_122.png,15
adv_img_123.png,12
adv_img_124.png,22
adv_img_125.png,3
adv_img_126.png,39
adv_img_127.png,32
adv_img_128.png,14
adv_img_129.png,35
adv_img_130.png,20
adv_img_131.png,32
adv_img_132.png,4
adv_img_133.png,29
adv_img_134.png,15
adv_img_135.png,54
adv_img_136.png,12
adv_img_137.png,60
adv_img_138.png,42
adv_img_139.png,12
adv_img_140.png,21
adv_img_141.png,16
adv_img_142.png,4
adv_img_143.png,42
adv_img_144.png,59
adv_img_145.png,4
adv_img_146.png,20
adv_img_147.png,9
adv_img_148.png,15
adv_img_149.png,23
adv_img_150.png,11
adv_img_151.png,25
adv_img_152.png,16
adv_img_153.png,15
adv_img_154.png,29
adv_img_155.png,34
adv_img_156.png,40
adv_img_157.png,49
adv_img_158.png,39
adv_img_159.png,41
adv_img_160.png,4
adv_img_161.png,24
adv_img_162.png,20
adv_img_163.png,45
adv_img_164.png,60
adv_img_165.png,42
adv_img_166.png,4
adv_img_167.png,35
adv_img_168.png,57
adv_img_169.png,17
adv_img_170.png,52
adv_img_171.png,8
adv_img_172.png,29
adv_img_173.png,35
adv_img_174.png,29
adv_img_175.png,29
adv_img_176.png,16
adv_img_177.png,55
adv_img_178.png,13
adv_img_179.png,60
adv_img_180.png,25
adv_img_181.png,32
adv_img_182.png,55
adv_img_183.png,36
adv_img_184.png,30
adv_img_185.png,21
adv_img_186.png,33
adv_img_187.png,36
adv_img_188.png,61
adv_img_189.png,23
adv_img_190.png,5
adv_img_191.png,44
adv_img_192.png,33
adv_img_193.png,60
adv_img_194.png,48
adv_img_195.png,23
adv_img_196.png,54
adv_img_197.png,29
adv_img_198.png,47
adv_img_199.png,35
adv_img_200.png,26
adv_img_201.png,42
adv_img_202.png,52
adv_img_203.png,42
adv_img_204.png,19
adv_img_205.png,12
adv_img_206.png,23
adv_img_207.png,42
adv_img_208.png,12
adv_img_209.png,15
adv_img_210.png,15
adv_img_211.png,23
adv_img_212.png,39
adv_img_213.png,39
adv_img_214.png,48
adv_img_215.png,55
adv_img_216.png,21
adv_img_217.png,9
adv_img_218.png,42
adv_img_219.png,17
adv_img_220.png,37
adv_img_221.png,48
adv_img_222.png,40
adv_img_223.png,58
adv_img_224.png,29
adv_img_225.png,10
adv_img_226.png,55
adv_img_227.png,44
adv_img_228.png,23
adv_img_229.png,19
adv_img_230.png,13
adv_img_231.png,29
adv_img_232.png,60
adv_img_233.png,7
adv_img_234.png,56
adv_img_235.png,52
adv_img_236.png,58
adv_img_237.png,4
adv_img_238.png,52
adv_img_239.png,42
adv_img_240.png,21
adv_img_241.png,11
adv_img_242.png,19
adv_img_243.png,13
adv_img_244.png,44
adv_img_245.png,45
adv_img_246.png,62
adv_img_247.png,57
adv_img_248.png,26
adv_img_249.png,17
adv_img_250.png,15
adv_img_251.png,59
adv_img_252.png,30
adv_img_253.png,36
adv_img_254.png,44
adv_img_255.png,22
adv_img_256.png,20
adv_img_257.png,57
adv_img_258.png,18
adv_img_259.png,57
adv_img_260.png,2
adv_img_261.png,56
adv_img_262.png,35
adv_img_263.png,60
adv_img_264.png,53
adv_img_265.png,25
adv_img_266.png,12
adv_img_267.png,7
adv_img_268.png,12
adv_img_269.png,56
adv_img_270.png,61
adv_img_271.png,17
adv_img_272.png,54
adv_img_273.png,43
adv_img_274.png,12
adv_img_275.png,28
adv_img_276.png,26
adv_img_277.png,12
adv_img_278.png,20
adv_img_279.png,10
adv_img_280.png,36
adv_img_281.png,22
adv_img_282.png,22
adv_img_283.png,35
adv_img_284.png,36
adv_img_285.png,30
adv_img_286.png,12
adv_img_287.png,59
adv_img_288.png,42
adv_img_289.png,42
adv_img_290.png,42
adv_img_291.png,12
adv_img_292.png,48
adv_img_293.png,36
adv_img_294.png,5
adv_img_295.png,29
adv_img_296.png,20
adv_img_297.png,51
adv_img_298.png,54
adv_img_299.png,48
adv_img_300.png,36
adv_img_301.png,48
adv_img_302.png,42
adv_img_303.png,12
adv_img_304.png,23
adv_img_305.png,42
adv_img_306.png,48
adv_img_307.png,14
adv_img_308.png,39
adv_img_309.png,52
adv_img_310.png,26
adv_img_311.png,32
adv_img_312.png,29
adv_img_313.png,12
adv_img_314.png,25
adv_img_315.png,4
adv_img_316.png,36
adv_img_317.png,42
adv_img_318.png,38
adv_img_319.png,42
adv_img_320.png,26
adv_img_321.png,2
adv_img_322.png,57
adv_img_323.png,36
adv_img_324.png,28
adv_img_325.png,15
adv_img_326.png,42
adv_img_327.png,12
adv_img_328.png,54
adv_img_329.png,12
adv_img_330.png,33
adv_img_331.png,49
adv_img_332.png,42
adv_img_333.png,33
adv_img_334.png,24
adv_img_335.png,12
adv_img_336.png,12
adv_img_337.png,47
adv_img_338.png,23
adv_img_339.png,12
adv_img_340.png,33
adv_img_341.png,7
adv_img_342.png,42
adv_img_343.png,29
adv_img_344.png,39
adv_img_345.png,58
adv_img_346.png,35
adv_img_347.png,12
adv_img_348.png,13
adv_img_349.png,59
adv_img_350.png,42
adv_img_351.png,2
adv_img_352.png,39
adv_img_353.png,56
adv_img_354.png,25
adv_img_355.png,8
adv_img_356.png,48
adv_img_357.png,11
adv_img_358.png,60
adv_img_359.png,12
adv_img_360.png,18
adv_img_361.png,58
adv_img_362.png,47
adv_img_363.png,21
adv_img_364.png,35
adv_img_365.png,35
adv_img_366.png,42
adv_img_367.png,4
adv_img_368.png,23
adv_img_369.png,47
adv_img_370.png,40
adv_img_371.png,38
adv_img_372.png,42
adv_img_373.png,20
adv_img_374.png,29
adv_img_375.png,29
adv_img_376.png,41
adv_img_377.png,58
adv_img_378.png,36
adv_img_379.png,35
adv_img_380.png,26
adv_img_381.png,48
adv_img_382.png,36
adv_img_383.png,45
adv_img_384.png,57
adv_img_385.png,23
adv_img_386.png,13
adv_img_387.png,35
adv_img_388.png,24
adv_img_389.png,44
adv_img_390.png,12
adv_img_391.png,42
adv_img_392.png,32
adv_img_393.png,52
adv_img_394.png,42
adv_img_395.png,44
adv_img_396.png,15
adv_img_397.png,56
adv_img_398.png,52
adv_img_399.png,42
adv_img_400.png,12
adv_img_401.png,26
adv_img_402.png,36
adv_img_403.png,13
adv_img_404.png,11
adv_img_405.png,4
adv_img_406.png,58
adv_img_407.png,17
adv_img_408.png,15
adv_img_409.png,14
adv_img_410.png,16
adv_img_411.png,35
adv_img_412.png,12
adv_img_413.png,50
adv_img_414.png,50
adv_img_415.png,42
adv_img_416.png,41
adv_img_417.png,3
adv_img_418.png,44
adv_img_419.png,52
adv_img_420.png,12
adv_img_421.png,7
adv_img_422.png,47
adv_img_423.png,58
adv_img_424.png,23
adv_img_425.png,35
adv_img_426.png,42
adv_img_427.png,44
adv_img_428.png,9
adv_img_429.png,16
adv_img_430.png,52
adv_img_431.png,41
adv_img_432.png,12
adv_img_433.png,42
adv_img_434.png,12
adv_img_435.png,12
adv_img_436.png,40
adv_img_437.png,23
adv_img_438.png,22
adv_img_439.png,3
adv_img_440.png,29
adv_img_441.png,2
adv_img_442.png,62
adv_img_443.png,53
adv_img_444.png,12
adv_img_445.png,15
adv_img_446.png,30
adv_img_447.png,5
adv_img_448.png,32
adv_img_449.png,48
adv_img_450.png,42
adv_img_451.png,14
adv_img_452.png,42
adv_img_453.png,60
adv_img_454.png,57
adv_img_455.png,26
adv_img_456.png,16
adv_img_457.png,36
adv_img_458.png,30
adv_img_459.png,45
adv_img_460.png,42
adv_img_461.png,42
adv_img_462.png,56
adv_img_463.png,56
adv_img_464.png,42
adv_img_465.png,15
adv_img_466.png,39
adv_img_467.png,1
adv_img_468.png,14
adv_img_469.png,30
adv_img_470.png,56
adv_img_471.png,55
adv_img_472.png,15
adv_img_473.png,55
adv_img_474.png,42
adv_img_475.png,42
adv_img_476.png,38
adv_img_477.png,60
adv_img_478.png,42
adv_img_479.png,22
adv_img_480.png,54
adv_img_481.png,4
adv_img_482.png,61
adv_img_483.png,3
adv_img_484.png,52
adv_img_485.png,50
adv_img_486.png,13
adv_img_487.png,30
adv_img_488.png,3
adv_img_489.png,28
adv_img_490.png,36
adv_img_491.png,37
adv_img_492.png,12
adv_img_493.png,7
adv_img_494.png,10
adv_img_495.png,53
adv_img_496.png,36
adv_img_497.png,36
adv_img_498.png,3
adv_img_499.png,45
adv_img_500.png,42
adv_img_501.png,55
adv_img_502.png,18
adv_img_503.png,52
adv_img_504.png,54
adv_img_505.png,29
adv_img_506.png,32
adv_img_507.png,28
adv_img_508.png,15
adv_img_509.png,7
adv_img_510.png,44
adv_img_511.png,48
adv_img_512.png,42
adv_img_513.png,61
adv_img_514.png,35
adv_img_515.png,36
adv_img_516.png,59
adv_img_517.png,8
adv_img_518.png,19
adv_img_519.png,49
adv_img_520.png,56
adv_img_521.png,48
adv_img_522.png,33
adv_img_523.png,4
adv_img_524.png,48
adv_img_525.png,36
adv_img_526.png,2
adv_img_527.png,21
adv_img_528.png,44
adv_img_529.png,58
adv_img_530.png,25
adv_img_531.png,7
adv_img_532.png,52
adv_img_533.png,12
adv_img_534.png,35
adv_img_535.png,23
adv_img_536.png,12
adv_img_537.png,15
adv_img_538.png,22
adv_img_539.png,62
adv_img_540.png,18
adv_img_541.png,3
adv_img_542.png,47
adv_img_543.png,42
adv_img_544.png,40
adv_img_545.png,18
adv_img_546.png,44
adv_img_547.png,4
adv_img_548.png,36
adv_img_549.png,28
adv_img_550.png,56
adv_img_551.png,45
adv_img_552.png,12
adv_img_553.png,35
adv_img_554.png,30
adv_img_555.png,52
adv_img_556.png,42
adv_img_557.png,4
adv_img_558.png,30
adv_img_559.png,42
adv_img_560.png,32
adv_img_561.png,10
adv_img_562.png,18
adv_img_563.png,29
adv_img_564.png,17
adv_img_565.png,3
adv_img_566.png,44
adv_img_567.png,54
adv_img_568.png,34
adv_img_569.png,29
adv_img_570.png,29
adv_img_571.png,58
adv_img_572.png,36
adv_img_573.png,42
adv_img_574.png,29
adv_img_575.png,12
adv_img_576.png,38
adv_img_577.png,29
adv_img_578.png,57
adv_img_579.png,24
adv_img_580.png,29
adv_img_581.png,21
adv_img_582.png,56
adv_img_583.png,53
adv_img_584.png,5
adv_img_585.png,20
adv_img_586.png,36
adv_img_587.png,12
adv_img_588.png,58
adv_img_589.png,3
adv_img_590.png,60
adv_img_591.png,29
adv_img_592.png,53
adv_img_593.png,6
adv_img_594.png,29
adv_img_595.png,30
adv_img_596.png,29
adv_img_597.png,24
adv_img_598.png,34
adv_img_599.png,40
adv_img_600.png,7
adv_img_601.png,59
adv_img_602.png,29
adv_img_603.png,28
adv_img_604.png,36
adv_img_605.png,24
adv_img_606.png,35
adv_img_607.png,57
adv_img_608.png,42
adv_img_609.png,42
adv_img_610.png,7
adv_img_611.png,11
adv_img_612.png,39
adv_img_613.png,61
adv_img_614.png,12
adv_img_615.png,34
adv_img_616.png,11
adv_img_617.png,40
adv_img_618.png,36
adv_img_619.png,56
adv_img_620.png,40
adv_img_621.png,15
adv_img_622.png,39
adv_img_623.png,36
adv_img_624.png,60
adv_img_625.png,28
adv_img_626.png,3
adv_img_627.png,39
adv_img_628.png,45
adv_img_629.png,42
adv_img_630.png,11
adv_img_631.png,30
adv_img_632.png,12
adv_img_633.png,26
adv_img_634.png,59
adv_img_635.png,35
adv_img_636.png,19
adv_img_637.png,32
adv_img_638.png,24
adv_img_639.png,45
adv_img_640.png,26
adv_img_641.png,57
adv_img_642.png,7
adv_img_643.png,42
adv_img_644.png,9
adv_img_645.png,30
adv_img_646.png,12
adv_img_647.png,52
adv_img_648.png,57
adv_img_649.png,29
adv_img_650.png,35
adv_img_651.png,3
adv_img_652.png,36
adv_img_653.png,59
adv_img_654.png,33
adv_img_655.png,42
adv_img_656.png,42
adv_img_657.png,61
adv_img_658.png,12
adv_img_659.png,44
adv_img_660.png,24
adv_img_661.png,42
adv_img_662.png,36
adv_img_663.png,25
adv_img_664.png,44
adv_img_665.png,42
adv_img_666.png,13
adv_img_667.png,41
adv_img_668.png,7
adv_img_669.png,32
adv_img_670.png,13
adv_img_671.png,60
adv_img_672.png,29
adv_img_673.png,49
adv_img_674.png,12
adv_img_675.png,59
adv_img_676.png,21
adv_img_677.png,12
adv_img_678.png,35
adv_img_679.png,50
adv_img_680.png,41
adv_img_681.png,44
adv_img_682.png,57
adv_img_683.png,42
adv_img_684.png,48
adv_img_685.png,58
adv_img_686.png,24
adv_img_687.png,53
adv_img_688.png,62
adv_img_689.png,12
adv_img_690.png,30
adv_img_691.png,36
adv_img_692.png,53
adv_img_693.png,42
adv_img_694.png,53
adv_img_695.png,52
adv_img_696.png,30
adv_img_697.png,30
adv_img_698.png,5
adv_img_699.png,29
adv_img_700.png,55
adv_img_701.png,35
adv_img_702.png,12
adv_img_703.png,21
adv_img_704.png,22
adv_img_705.png,29
adv_img_706.png,4
adv_img_707.png,42
adv_img_708.png,25
adv_img_709.png,22
adv_img_710.png,42
adv_img_711.png,45
adv_img_712.png,48
adv_img_713.png,35
adv_img_714.png,47
adv_img_715.png,7
adv_img_716.png,57
adv_img_717.png,24
adv_img_718.png,36
adv_img_719.png,28
adv_img_720.png,47
adv_img_721.png,28
adv_img_722.png,40
adv_img_723.png,56
adv_img_724.png,29
adv_img_725.png,37
adv_img_726.png,7
adv_img_727.png,42
adv_img_728.png,15
adv_img_729.png,49
adv_img_730.png,52
adv_img_731.png,42
adv_img_732.png,17
adv_img_733.png,58
adv_img_734.png,16
adv_img_735.png,55
adv_img_736.png,47
adv_img_737.png,12
adv_img_738.png,30
adv_img_739.png,12
adv_img_740.png,9
adv_img_741.png,61
adv_img_742.png,48
adv_img_743.png,50
adv_img_744.png,35
adv_img_745.png,23
adv_img_746.png,55
adv_img_747.png,47
adv_img_748.png,28
adv_img_749.png,34
adv_img_750.png,11
adv_img_751.png,8
adv_img_752.png,56
adv_img_753.png,16
adv_img_754.png,12
adv_img_755.png,6
adv_img_756.png,12
adv_img_757.png,24
adv_img_758.png,41
adv_img_759.png,2
adv_img_760.png,39
adv_img_761.png,18
adv_img_762.png,12
adv_img_763.png,22
adv_img_764.png,28
adv_img_765.png,19
adv_img_766.png,60
adv_img_767.png,35
adv_img_768.png,40
adv_img_769.png,3
adv_img_770.png,15
adv_img_771.png,32
adv_img_772.png,25
adv_img_773.png,13
adv_img_774.png,14
adv_img_775.png,9
adv_img_776.png,42
adv_img_777.png,49
adv_img_778.png,34
adv_img_779.png,55
adv_img_780.png,12
adv_img_781.png,39
adv_img_782.png,24
adv_img_783.png,48
adv_img_784.png,58
adv_img_785.png,36
adv_img_786.png,36
adv_img_787.png,22
adv_img_788.png,4
adv_img_789.png,29
adv_img_790.png,3
adv_img_791.png,58
adv_img_792.png,29
adv_img_793.png,21
adv_img_794.png,34
adv_img_795.png,21
adv_img_796.png,53
adv_img_797.png,16
adv_img_798.png,21
adv_img_799.png,56
adv_img_800.png,49
adv_img_801.png,25
adv_img_802.png,35
adv_img_803.png,42
adv_img_804.png,47
adv_img_805.png,21
adv_img_806.png,36
adv_img_807.png,41
adv_img_808.png,5
adv_img_809.png,29
adv_img_810.png,12
adv_img_811.png,28
adv_img_812.png,42
adv_img_813.png,10
adv_img_814.png,16
adv_img_815.png,26
adv_img_816.png,29
adv_img_817.png,55
adv_img_818.png,2
adv_img_819.png,2
adv_img_820.png,39
adv_img_821.png,48
adv_img_822.png,39
adv_img_823.png,60
adv_img_824.png,20
adv_img_825.png,53
adv_img_826.png,40
adv_img_827.png,36
adv_img_828.png,49
adv_img_829.png,42
adv_img_830.png,22
adv_img_831.png,42
adv_img_832.png,18
adv_img_833.png,29
adv_img_834.png,52
adv_img_835.png,58
adv_img_836.png,41
adv_img_837.png,10
adv_img_838.png,59
adv_img_839.png,34
adv_img_840.png,42
adv_img_841.png,21
adv_img_842.png,21
adv_img_843.png,41
adv_img_844.png,40
adv_img_845.png,10
adv_img_846.png,44
adv_img_847.png,12
adv_img_848.png,48
adv_img_849.png,17
adv_img_850.png,12
adv_img_851.png,12
adv_img_852.png,29
adv_img_853.png,14
adv_img_854.png,3
adv_img_855.png,56
adv_img_856.png,36
adv_img_857.png,32
adv_img_858.png,4
adv_img_859.png,47
adv_img_860.png,58
adv_img_861.png,30
adv_img_862.png,15
adv_img_863.png,44
adv_img_864.png,41
adv_img_865.png,53
adv_img_866.png,49
adv_img_867.png,36
adv_img_868.png,16
adv_img_869.png,37
adv_img_870.png,35
adv_img_871.png,22
adv_img_872.png,48
adv_img_873.png,42
adv_img_874.png,20
adv_img_875.png,15
adv_img_876.png,22
adv_img_877.png,23
adv_img_878.png,56
adv_img_879.png,58
adv_img_880.png,60
adv_img_881.png,29
adv_img_882.png,44
adv_img_883.png,10
adv_img_884.png,44
adv_img_885.png,1
adv_img_886.png,42
adv_img_887.png,12
adv_img_888.png,7
adv_img_889.png,13
adv_img_890.png,35
adv_img_891.png,34
adv_img_892.png,43
adv_img_893.png,34
adv_img_894.png,33
adv_img_895.png,42
adv_img_896.png,12
adv_img_897.png,21
adv_img_898.png,59
adv_img_899.png,4
adv_img_900.png,40
adv_img_901.png,29
adv_img_902.png,30
adv_img_903.png,8
adv_img_904.png,19
adv_img_905.png,36
adv_img_906.png,60
adv_img_907.png,7
adv_img_908.png,1
adv_img_909.png,60
adv_img_910.png,55
adv_img_911.png,12
adv_img_912.png,42
adv_img_913.png,47
adv_img_914.png,47
adv_img_915.png,42
adv_img_916.png,6
adv_img_917.png,9
adv_img_918.png,55
adv_img_919.png,55
adv_img_920.png,16
adv_img_921.png,59
adv_img_922.png,53
adv_img_923.png,47
adv_img_924.png,22
adv_img_925.png,12
adv_img_926.png,42
adv_img_927.png,33
adv_img_928.png,39
adv_img_929.png,9
adv_img_930.png,4
adv_img_931.png,23
adv_img_932.png,55
adv_img_933.png,48
adv_img_934.png,33
adv_img_935.png,12
adv_img_936.png,42
adv_img_937.png,28
adv_img_938.png,36
adv_img_939.png,44
adv_img_940.png,48
adv_img_941.png,15
adv_img_942.png,57
adv_img_943.png,36
adv_img_944.png,36
adv_img_945.png,14
adv_img_946.png,10
adv_img_947.png,12
adv_img_948.png,2
adv_img_949.png,29
adv_img_950.png,30
adv_img_951.png,35
adv_img_952.png,1
adv_img_953.png,3
adv_img_954.png,16
adv_img_955.png,56
adv_img_956.png,29
adv_img_957.png,61
adv_img_958.png,48
adv_img_959.png,23
adv_img_960.png,52
adv_img_961.png,55
adv_img_962.png,52
adv_img_963.png,48
adv_img_964.png,44
adv_img_965.png,24
adv_img_966.png,37
adv_img_967.png,24
adv_img_968.png,57
adv_img_969.png,42
adv_img_970.png,47
adv_img_971.png,20
adv_img_972.png,59
adv_img_973.png,41
adv_img_974.png,61
adv_img_975.png,56
adv_img_976.png,10
adv_img_977.png,39
adv_img_978.png,55
adv_img_979.png,12
adv_img_980.png,12
adv_img_981.png,16
adv_img_982.png,40
adv_img_983.png,45
adv_img_984.png,52
adv_img_985.png,15
adv_img_986.png,53
adv_img_987.png,52
adv_img_988.png,9
adv_img_989.png,41
adv_img_990.png,47
adv_img_991.png,42
adv_img_992.png,47
adv_img_993.png,29
adv_img_994.png,34
adv_img_995.png,17
adv_img_996.png,50
adv_img_997.png,42
adv_img_998.png,15
adv_img_999.png,16
